{
  "project_info": {
    "project_number": "57805446367",
    "firebase_url": "https://ten-yards.firebaseio.com",
    "project_id": "ten-yards",
    "storage_bucket": "ten-yards.appspot.com"
  },
  "client": [
    {
      "client_info": {
        "mobilesdk_app_id": "1:57805446367:android:4b733c450c070a0b62dd6a",
        "android_client_info": {
          "package_name": "com.project.yards"
        }
      },
      "oauth_client": [
        {
          "client_id": "57805446367-jcirj5fovivi9b66uvilh0nds41tubt7.apps.googleusercontent.com",
          "client_type": 1,
          "android_info": {
            "package_name": "com.project.yards",
            "certificate_hash": "f7de766e3d254fa8be7b1ac394a0b3e35736d50c"
          }
        },
        {
          "client_id": "57805446367-g1oj5kr2ghs69hufbsda6sbhc9bkbep0.apps.googleusercontent.com",
          "client_type": 3
        }
      ],
      "api_key": [
        {
          "current_key": "AIzaSyB9mQ1_jWZsIeZzGgqNGPy3s0z5L_CqrJo"
        }
      ],
      "services": {
        "appinvite_service": {
          "other_platform_oauth_client": [
            {
              "client_id": "57805446367-g1oj5kr2ghs69hufbsda6sbhc9bkbep0.apps.googleusercontent.com",
              "client_type": 3
            }
          ]
        }
      }
    }
  ],
  "configuration_version": "1"
}